Name,Address,RW_URL,Website,RW_PHOTO,RW_DETAILS,RW_DEALS,RW_MENU,RESERVATION_LINK
1225 Raw Sushi and Sake Lounge,"1225 Sansom St, Philadelphia, PA 19102",https://centercityphila.org/explore-center-city/ccd-restaurant-week/list-view#1225-raw-sushi-and-sake-lounge,https://1225rawnledas.com,https://centercityphila.org/uploads/attachments/civfnn03m00tjlzqdbz4820gx-dining-room-2.268.0.1080.1080.full.jpg,Participating in dinner only. Offering indoor and outdoor dining. Closed Monday. ,$45 dinner menu coming soon.,,https://www.opentable.com/restaurant/profile/1327702/reserve?ref=939
a.kitchen,"135 S 18th St, Philadelphia, PA 19103",https://centercityphila.org/explore-center-city/ccd-restaurant-week/list-view#akitchen-bar,,https://centercityphila.org/uploads/attachments/civfpt13h00vvkgqdz40tapb6-a-kitchen-2.144.0.576.576.full.jpg,Participating in dinner only. Offering indoor dining. Parties of 8 or more must do a prix fixe menu. ,$60 dinner menu coming soon. ,,
Aki Nom Nom,"1210 Walnut St, Philadelphia, PA 19107",https://centercityphila.org/explore-center-city/ccd-restaurant-week/list-view#aki-nom-nom,http://akisushi.com,https://centercityphila.org/uploads/attachments/civfnv30300t0l7qd1j8vgebz-img-3255.846.23.2405.2405.full.jpg,"Participating in lunch, dinner and takeout. Offering indoor dining. ",$45 dinner menu coming soon.,,
Alice Pizza,"235 S 15th Street, Philadelphia, PA 19102",https://centercityphila.org/explore-center-city/ccd-restaurant-week/list-view#alice-pizza,http://www.alicephilly.com,https://centercityphila.org/uploads/attachments/ck55ngp8o27cm01qdrl2ydun8-gran-caffe.309.0.760.760.full.jpg,"Participating in lunch, dinner and takeout. Offering indoor dining. Restaurant Week menu cannot be split between 2 people. ",$45 DINNER | $20 LUNCH,https://centercityphila.org/uploads/attachments/clr518z621ru6xwqd0ntxxroe-alicedinner.pdf,
Amada,"217-219 Chestnut St, Philadelphia, PA 19106",https://centercityphila.org/explore-center-city/ccd-restaurant-week/list-view#amada,http://www.amadarestaurant.com,https://centercityphila.org/uploads/attachments/civfo0umy00t6l7qd6w4pmbxn-amada-croquetas-de-jamon-amada.341.0.1365.1365.full.jpg,Participating in dinner only. Offering indoor dining. ,$45 dinner menu coming soon.,,https://www.opentable.com/restaurant/profile/5129/reserve?ref=939
Amina,"104 Chestnut St, Philadelphia, PA 19106",https://centercityphila.org/explore-center-city/ccd-restaurant-week/list-view#amina,http://aminaphilly.com,https://centercityphila.org/uploads/attachments/clkwuzpb1ajrp0vqdk9umna1x-aminapic.79.0.482.482.full.jpg,"Participating in dinner and takeout. Offering indoor dining. Not participating on Saturday, January 27 and Saturday, February 3. Please call restaurant for parties over 6. ",$45 DINNER,https://centercityphila.org/uploads/attachments/clq120ks609v655qdwgdq1f5m-amina.pdf,https://www.opentable.com/restaurant/profile/1239313/reserve?ref=939
Ancient Spirits & Grille,"1726 Chestnut St, Philadelphia, PA 19103",https://centercityphila.org/explore-center-city/ccd-restaurant-week/list-view#ancient-spirits-grille,https://asgphilly.com,https://centercityphila.org/uploads/attachments/cktiohlqd29qppeqdo66u5jyn-ancient-spirits-grille.0.0.1080.1080.full.jpg,"Participating in lunch and dinner. Offering indoor and outdoor dining. For Opentable reservations, 15 guests are considered a large party and 2 guests are a small party. ",$45 DINNER | $20 LUNCH | COCKTAILS,https://centercityphila.org/uploads/attachments/clpvcd6jb02pz55qdqpwx70fs-ancient-dinner.pdf,https://www.opentable.com/restaurant/profile/1177882/reserve?ref=939
Attico Rooftop,"219 S Broad Street, Philadelphia, PA 19107",https://centercityphila.org/explore-center-city/ccd-restaurant-week/list-view#attico-rooftop,http://www.atticorooftop.com,https://centercityphila.org/uploads/attachments/ciyahjvr50iafu5qdu5tzls7x-restaurant-week-sips-filler-image.0.0.720.720.full.jpg,"Participating in lunch, dinner and takeout. Offering indoor and outdoor dining. Closed Mondays and Tuesdays. Parties of 10 require a minimum. ",$45 DINNER,https://centercityphila.org/uploads/attachments/clr5evast1sn6afqdzntvp7d7-attico.pdf,
Bahn Mi and Bottles,"712-14 South St, Philadelphia, PA 19147",https://centercityphila.org/explore-center-city/ccd-restaurant-week/list-view#bahn-mi-and-bottles,https://www.banhmiandbottles.com,https://centercityphila.org/uploads/attachments/cll2okayaa5wkomqdpwvnr7wz-banh-mi.500.0.2833.2833.full.jpg,"h, dinner and takeout. Lunch only available on Saturday and Sunday. Closed Mondays. Offering indoor dining. Can accomodate large parties. ",$45 dinner menu coming soon.  ,,
Bank and Bourbon,"1200 Market St, Philadelphia, PA 19107",https://centercityphila.org/explore-center-city/ccd-restaurant-week/list-view#bank-and-bourbon,http://bankandbourbon.com,https://centercityphila.org/uploads/attachments/civ1akmdk007jx7qdq51skqfv-bank-bourbon.480.0.960.960.full.jpg, Participating in lunch and dinner. Offering indoor dining. ,$45 DINNER | $20 LUNCH,https://centercityphila.org/uploads/attachments/clpx1czxt05i0afqdlwbr9yzf-bank-bourbondinner-1.pdf,
Barbuzzo,"110 S 13th St, Philadelphia, PA 19107",https://centercityphila.org/explore-center-city/ccd-restaurant-week/list-view#barbuzzo,http://www.barbuzzo.com,https://centercityphila.org/uploads/attachments/ciu4h3b220013qgqdvncgy6z5-barbuzzo.178.0.1084.1084.full.jpg,: Participating in dinner and takeout. Offering indoor and outdoor dining. ,$45 dinner menu coming soon.,,https://www.opentable.com/restaurant/profile/47290/reserve?ref=939
Barra Rossa,"929 Walnut St, Philadelphia, PA 19107",https://centercityphila.org/explore-center-city/ccd-restaurant-week/list-view#barra-rossa,http://www.barrarossa.com,https://centercityphila.org/uploads/attachments/civfo7y7800tompqdm5o8vp2t-lightroom5.35.3.840.840.full.png,"Participating in lunch, dinner, and takeout. Offering indoor dining. ",$45 DINNER AND $20 LUNCH ,https://centercityphila.org/uploads/attachments/clqwg4yt41dyq3oqdt54i35dd-barrarossa-1.pdf,
Bellini,"220 S 16th St, Philadelphia, PA 19102",https://centercityphila.org/explore-center-city/ccd-restaurant-week/list-view#bellini,https://belliniphiladelphia.com,https://centercityphila.org/uploads/attachments/ckt3270eo1pibmrqds1x5l4nb-bellini.0.756.3024.3024.full.jpg, Participating in dinner and takeout. Offering indoor dining. ,$45 DINNER,https://centercityphila.org/uploads/attachments/clqzppyid1jb8afqd6aozjgrs-bellini.pdf,https://www.opentable.com/restaurant/profile/17053/reserve?ref=939
Bistro La Baia,"1700 Lombard St, Philadelphia, PA 19146",https://centercityphila.org/explore-center-city/ccd-restaurant-week/list-view#bistro-la-baia,https://www.bistrolabaia.com,https://centercityphila.org/uploads/attachments/cjkka6rse0009e8qdc1191nmq-bistrolabaia-lobsterravioli.192.5.577.577.full.jpg," Participating in lunch, dinner and takeout. Offering indoor and outdoor dining. BYOB. ",$45 DINNER | $20 LUNCH,https://centercityphila.org/uploads/attachments/clqzq4a3c1jloxwqd4xfxygmt-bistrolabaia-dinner.pdf,https://www.opentable.com/restaurant/profile/116446/reserve?ref=939
Bistro Romano,"120 Lombard St, Philadelphia, PA 19147",https://centercityphila.org/explore-center-city/ccd-restaurant-week/list-view#bistro-romano,http://www.bistroromano.com,https://centercityphila.org/uploads/attachments/civfodvlg00twmpqdbg34zlvq-bistroromano-charcuterie-002-1.197.0.949.949.full.jpg,Participating in dinner and takeout. Offering indoor and outdoor dining. Closed Mondays and Tuesdays. ,$45 DINNER,https://centercityphila.org/uploads/attachments/clph1xqsf1i91o6qdrcjl6s8g-bistroromano.pdf,https://www.opentable.com/restaurant/profile/1638/reserve?ref=939
Bistrot La Minette,"623 S 6th St, Philadelphia, PA 19147",https://centercityphila.org/explore-center-city/ccd-restaurant-week/list-view#bistrot-la-minette,http://www.bistrotlaminette.com,https://centercityphila.org/uploads/attachments/civfof23100tzmpqdxwfuuwvq-bistrot-la-minette-mille-feuille-aux-framboises.602.0.2395.2395.full.jpg,Participating in dinner only. Offering indoor dining. Closed Sundays and Mondays. No parties larger than 4 people for Restaurant Week. ,$45 DINNER,https://centercityphila.org/uploads/attachments/clpx1h5ph05gbw0qd3oruowgn-bistrolaminette.pdf,https://www.opentable.com/restaurant/profile/26455/reserve?ref=939
Bleu Sushi,"262 S 10th St, Philadelphia, PA 19107",https://centercityphila.org/explore-center-city/ccd-restaurant-week/list-view#bleu-sushi,http://bleusushiphilly.com,https://centercityphila.org/uploads/attachments/ckef6lh5r31apmuqd1q8w8iw1-bleu-sushi.8.0.3024.3024.full.jpg,"Participating in lunch, dinner and takeout. Offering indoor dining. BYOB Price does not include tax + gratuity ",$45 dinner menu coming soon.,,https://www.opentable.com/restaurant/profile/148756/reserve?ref=939
Bolo,"2025 Sansom St, Philadelphia, PA 19103",https://centercityphila.org/explore-center-city/ccd-restaurant-week/list-view#bolo,http://www.bolophl.com,https://centercityphila.org/uploads/attachments/clr8cfmz01xvvhjqddktqen87-image-50432769.626.0.2509.2509.full.jpg,Participating in dinner only. Offering indoor dining. All parties at the table must participate. Guests may order a la carte from Restaurant Week Menu as well. ,$45 DINNER,https://centercityphila.org/uploads/attachments/clr8bwyha1y9aw0qd01600l5z-bolo.pdf,
Bridget Foy's,"200 South Street, Philadelphia, PA 19147",https://centercityphila.org/explore-center-city/ccd-restaurant-week/list-view#bridget-foy-s,http://www.bridgetfoys.com,https://centercityphila.org/uploads/attachments/ciybp5dp70jq0teqdkiqnyzhz-img-6382.0.0.3024.3024.full.jpg,"Participating in lunch, dinner and takeout. Offering indoor and outdoor dining. Closed on Tuesdays. ",$45 DINNER,https://centercityphila.org/uploads/attachments/clqya9iox1hjlc3qdrxwbv93r-bridget-foy.pdf,https://www.opentable.com/restaurant/profile/11809/reserve?ref=939
Buca D'oro Ristorante,"711 Locust St, Philadelphia, PA 19106",https://centercityphila.org/explore-center-city/ccd-restaurant-week/list-view#buca-d-oro-ristorante,http://bucadororistorante.com,https://centercityphila.org/uploads/attachments/ckxgmz3ea4lywleqdqiev2vup-buca-doro.82.81.684.684.full.jpg,"Participating in lunch, dinner and takeout. Offering indoor dining. ",$45 dinner menu coming soon.,,https://www.opentable.com/restaurant/profile/1207885/reserve?ref=939
Bud & Marilyn's,"1234 Locust St, Philadelphia, PA 19107",https://centercityphila.org/explore-center-city/ccd-restaurant-week/list-view#bud-marilyns,http://www.budandmarilyns.com,https://centercityphila.org/uploads/attachments/ciu6yu7m1002jqjqdvbswz6sm-img-9928.0.936.3744.3744.full.jpg, Participating in dinner and takeout. Offering indoor and outdoor dining. ,$45 dinner menu coming soon.,,https://www.opentable.com/restaurant/profile/174337/reserve?ref=939
Buddakan,"325 Chestnut St, Philadelphia, PA 19106",https://centercityphila.org/explore-center-city/ccd-restaurant-week/list-view#buddakan,http://www.buddakan.com,https://centercityphila.org/uploads/attachments/civfonoej00tjl7qddirwjgz2-buddakan-rw-photo-by-b-krist-for-visit-philadelphia-r.0.209.720.720.full.jpg,"Participating in dinner only. Offering indoor seating. Not participating on Saturday, January 27 and Saturday, February 3. ",$45 DINNER | $45 VEGETARIAN DINNER,https://centercityphila.org/uploads/attachments/clr9bv1p21ywhafqdwrxtvoml-buddakandinner1.pdf,https://www.opentable.com/restaurant/profile/2860/reserve?ref=939
Butcher Bar,"2034 Chestnut St, Philadelphia, PA 19103",https://centercityphila.org/explore-center-city/ccd-restaurant-week/list-view#butcher-bar,http://www.butcherbarphilly.com,https://centercityphila.org/uploads/attachments/cj3kf740600ctnxqdyui7uxu3-butcher-front.0.0.960.960.full.jpg,: Participating in dinner only. Offering indoor and outdoor dining. Please contact the restaurant directly for parties larger than 5 guests. RESTAURAUNT WEEK MENU: $45 DINNE,,https://centercityphila.org/uploads/attachments/cllntmgoqb021saqdx4mq8n1m-butcher.pdf,https://www.opentable.com/restaurant/profile/269854/reserve?ref=939
Caribou Café,"1126 Walnut St, Philadelphia, PA 19107",https://centercityphila.org/explore-center-city/ccd-restaurant-week/list-view#caribou-café,https://cariboucafe.com,https://centercityphila.org/uploads/attachments/cko35uh790a93b7qd1naf7cv8-rw-caribou-cafe.0.0.1440.1440.full.jpg, Participating in lunch and dinner. Offering indoor and outdoor dining.  ,$45 DINNER | $20 LUNCH,https://centercityphila.org/uploads/attachments/clr533ga41s6ohjqd0h3iyu55-caribou-cafe.pdf,https://www.opentable.com/restaurant/profile/113221/reserve?ref=939
Chart House,"555 S. Columbus Blvd, Philadelphia, PA 19147",https://centercityphila.org/explore-center-city/ccd-restaurant-week/list-view#chart-house,https://www.chart-house.com,https://centercityphila.org/uploads/attachments/clm9jhpk4c4kqhnqd02g8e1nh-charthouse.217.0.871.871.full.jpg,"Participating in dinner only. Offering indoor dining.  Not participating on Saturday, January 27 and Saturday, February 3. ",$45 DINNER,https://centercityphila.org/uploads/attachments/clr7wck9g1wxthjqd0zmvrre6-charthouse-1.pdf,https://www.opentable.com/restaurant/profile/11899/reserve?ref=939
Chez Colette,"120 S 17th St, Philadelphia, PA 19103",https://centercityphila.org/explore-center-city/ccd-restaurant-week/list-view#chez-colette-2,https://www.sofitel-philadelphia.com/dining-lounge,https://centercityphila.org/uploads/attachments/ciyahjvr50iafu5qdu5tzls7x-restaurant-week-sips-filler-image.0.0.720.720.full.jpg,Participating in lunch and dinner. Offering indoor dining. ,$45 dinner menu coming soon. ,,https://www.opentable.com/restaurant/profile/7299/reserve?ref=939
Chez Hansi,"1610 South St, Philadelphia, PA 19146",https://centercityphila.org/explore-center-city/ccd-restaurant-week/list-view#chez-hansi,https://chezhansi.net,https://centercityphila.org/uploads/attachments/clmeit9z8cgumhnqdj77kie99-chezhansi.0.169.1536.1536.full.jpg,Participating in dinner. Offering indoor dining and BYOB. No large parties. ,$45 dinner menu coming soon.,,
City Winery,"990 Filbert St, Philadelphia, PA 19107",https://centercityphila.org/explore-center-city/ccd-restaurant-week/list-view#city-winery,https://citywinery.com/philadelphia,https://centercityphila.org/uploads/attachments/cl2i2gt9ra24pjwqdpydzhbj1-city-winery-2.380.0.1174.1174.full.jpg,Participating in dinner only. Offering indoor dining. Parties of 10+ must be booked through eventsphiladelphia@citywinery.com ,$45 DINNER,https://centercityphila.org/uploads/attachments/clr9byzez1z9y3oqdy3370vaq-citywinery-1.pdf,
Cockatoo,"208 S 13th St., Philadelphia, PA 19107",https://centercityphila.org/explore-center-city/ccd-restaurant-week/list-view#cockatoo,https://cockatoo.fun,https://centercityphila.org/uploads/attachments/clr6uqbkl1vj7xwqdnuovj62m-image0.0.255.1079.1079.full.jpg,Participating in dinner and takeout. Offering indoor dining. Closed Mondays and Tuesdays. Large parties over 6 need to call restaurant for a table. Allergy and vegan friendly. Small plates and family style courses offered. ,$45 DINNER,https://centercityphila.org/uploads/attachments/clr12u6k51m3tqoqdtpuxkha9-ccd-menu.pdf,
Con Murphy's Irish Pub,"1700 Ben Franklin Pkwy, Philadelphia, PA 19103",https://centercityphila.org/explore-center-city/ccd-restaurant-week/list-view#con-murphy-s-irish-pub,http://www.conmurphyspub.com,https://centercityphila.org/uploads/attachments/ckosqvaxi17smejqdkl0eolzo-rw-con-murphy.4.0.650.650.full.png,"Participating in lunch, dinner, and takeout. Offering indoor and outdoor dining. Automatic gratuity applied to parties of 5 or more. ",$45 DINNER | $20 LUNCH,https://centercityphila.org/uploads/attachments/clqb1br6x0mf5w0qduk0y16rx-con-murphy.pdf,https://www.opentable.com/restaurant/profile/67228/reserve?ref=939
Continental Midtown,"1801 Chestnut St, Philadelphia, PA 19103",https://centercityphila.org/explore-center-city/ccd-restaurant-week/list-view#continental-midtown-2,https://continentalmidtown.com,https://centercityphila.org/uploads/attachments/cjklggywn00hxtvqd910zdnmy-the-continental-midtown-photo-by-m-fishetti-for-visitphiladelphia.1012.0.4680.4680.full.jpg,"Participating in dinner only. Offering indoor and outdoor dining. Not participating on Saturday, January 27 and Saturday, February 3. ",$45 dinner menu coming soon.,,https://www.opentable.com/restaurant/profile/114355/reserve?ref=939
Cuba Libre Restaurant & Rum Bar,"10 S 2nd St, Philadelphia, PA 19106",https://centercityphila.org/explore-center-city/ccd-restaurant-week/list-view#cuba-libre-restaurant-rum-bar,http://www.cubalibrerestaurant.com,https://centercityphila.org/uploads/attachments/clpifeggz1jigs2qd6l6qd9dr-cuba-libre-interior.1000.0.4016.4016.full.jpg,"Participating in dinner only. Offering indoor dining. Not participating on Saturday, January 27 and Saturday, February 3. Up to 8 guests per party for Restaurant Week menu. ",$45 DINNER,https://centercityphila.org/uploads/attachments/clpu46amf01m0hjqd0wra3c3d-cubalibre-1.pdf,
D'Angelo's Ristorante Italiano & Lounge,"256 S. 20th St, Philadelphia, PA 19103",https://centercityphila.org/explore-center-city/ccd-restaurant-week/list-view#d-angelo-s-ristorante-italiano-lounge,http://www.dangeloristorante.com,https://centercityphila.org/uploads/attachments/ciybufxr50jsfteqd6p79t1wh-059.282.0.3331.3331.full.jpg," Participating in dinner and takeout. Offering indoor and outdoor dining. Closed Sunday and Monday. Not participating on Saturday, January 27 and Saturday, February 3. 2 credit cards minimum per party. ",$45 DINNER,https://centercityphila.org/uploads/attachments/clr51elz61rurxwqdvw3x1xnv-dangelo.pdf,https://www.opentable.com/restaurant/profile/37825/reserve?ref=939
Darling Jack's Tavern,"104 South 13th Street, Philadelphia, PA 19107",https://centercityphila.org/explore-center-city/ccd-restaurant-week/list-view#darling-jack-s-tavern,http://www.darlingjacks.com,https://centercityphila.org/uploads/attachments/clkx6hj29a2jcm8qdlqh6mftj-darling-jacks-interior-bar-credit-jason-varney.350.0.2001.2001.full.jpg,"Participating in lunch, dinner and takeout. Offering indoor and outdoor dining. ",$45 dinner menu coming soon.,,
Del Frisco's Double Eagle Steakhouse,"1426 Chestnut St, Philadelphia, PA 19102",https://centercityphila.org/explore-center-city/ccd-restaurant-week/list-view#del-frisco-s-double-eagle-steakhouse,,https://centercityphila.org/uploads/attachments/civiiswo9016zlzqdsk8hvnc1-del-friscos.171.0.682.682.full.jpg,"Participating in dinner only. Offering indoor dining. Not participating on Saturday, January 27 and Saturday, February 3. Parties of 8 or larger and Private Dining parties are not eligible for Restaurant Week menu. ",$60 DINNER,https://centercityphila.org/uploads/attachments/clqwvmx7e1emnxwqdqhayq9pq-delfrisco.pdf,https://www.opentable.com/restaurant/profile/28588/reserve?ref=939
Del Frisco's Grille,"225 South Broad Street, Philadelphia, PA 19107",https://centercityphila.org/explore-center-city/ccd-restaurant-week/list-view#del-frisco-s-grille,https://delfriscosgrille.com,https://centercityphila.org/uploads/attachments/ciyahjvr50iafu5qdu5tzls7x-restaurant-week-sips-filler-image.0.0.720.720.full.jpg,"Participating in lunch and dinner. Offering indoor dining. Not participating on Saturday, January 27 and Saturday, February 3. ",$45 DINNER,https://centercityphila.org/uploads/attachments/clqh7pzrl0vebc3qdxumabife-delfriscogrille.pdf,https://www.opentable.com/restaurant/profile/1028998/reserve?ref=939
Devil's Alley,"1907 Chestnut St, Philadelphia, PA 19103",https://centercityphila.org/explore-center-city/ccd-restaurant-week/list-view#devil-s-alley,http://www.devilsalleybarandgrill.com,https://centercityphila.org/uploads/attachments/ciyga8ns40jbku5qdoxvs5ybn-devilsinterior.0.0.960.960.full.jpg,Participating in dinner and takeout. Offering indoor and outdoor dining. ,$45 dinner menu coming soon.,,
Devon Seafood Grill,"225 S 18th St, Philadelphia, PA 19103",https://centercityphila.org/explore-center-city/ccd-restaurant-week/list-view#devon-seafood-grill,http://www.devonseafood.com,https://centercityphila.org/uploads/attachments/cj62h6q8400o2p7qdw2vm1ct6-devon-rw.64.24.971.971.full.jpg,Participating in dinner and takeout. Offering indoor and outdoor dining. ,$45 DINNER,https://centercityphila.org/uploads/attachments/clqwvpslc1f3mqoqd07zlbjf3-devon.pdf,https://www.opentable.com/restaurant/profile/6189/reserve?ref=939
Dim Sum House by Jane G's,"1930 Chestnut St, Philadelphia, PA 19103",https://centercityphila.org/explore-center-city/ccd-restaurant-week/list-view#dim-sum-house-by-jane-g-s,http://dimsum.house,https://centercityphila.org/uploads/attachments/cl3udrkgz0p3wu2qdj5lllowm-dimsumhouse.49.0.973.973.full.jpg,Participating in dinner only. Offering indoor and outdoor dining. ,$45 DINNER,https://centercityphila.org/uploads/attachments/clqzbjf4t1ijnxwqdufj10xtt-dimsum.pdf,
Dolce Italian,"1437 Chestnut Street, Philadelphia, PA 19102",https://centercityphila.org/explore-center-city/ccd-restaurant-week/list-view#dolce-italian,http://www.dolceitalianrestaurant.com/location/philadelphia,https://centercityphila.org/uploads/attachments/cl7z48n1v39witvqd17yuxunh-dolcepic.0.656.1996.1996.full.jpg,Participating in lunch and dinner. Offering indoor dining. Closed Sunday and Monday. Parties of 10 or more must be scheduled with event director. ,$45 DINNER | $20 LUNCH,https://centercityphila.org/uploads/attachments/clr7weif81wxxhjqdqfiftadt-dolcedinner-1.pdf,https://www.opentable.com/restaurant/profile/1193428/reserve?ref=939
Double Knot,"120 S 13th St. , Philadelphia, PA 19107",https://centercityphila.org/explore-center-city/ccd-restaurant-week/list-view#doubleknot,https://www.doubleknotphilly.com,https://centercityphila.org/uploads/attachments/cl4r5g8k2025mtvqdw59b7qgf-double-knot.0.1350.5213.5213.full.jpg,"Participating in dinner only. Offering indoor dining. Not participating on Saturday, January 27 and Saturday, February 3. ",$45 dinner menu coming soon.,,
Drury Beer Garden (DBG),"1311 Sansom St, Philadelphia, PA 19107",https://centercityphila.org/explore-center-city/ccd-restaurant-week/list-view#drury-beer-garden-dbg,http://www.drurybeergarden.com,https://centercityphila.org/uploads/attachments/cj3g7jera020n1jqd0izpwsm3-opa-and-drurybeergarden.10.0.1222.1222.full.jpg,Participating in dinner and takeout. Offering indoor and outdoor dining. Closed Mondays and Tuesdays. ,$45 dinner menu coming soon.,,https://www.opentable.com/restaurant/profile/65131/reserve?ref=939
Entrée BYOB,"1608 South St, Philadelphia, PA 19146",https://centercityphila.org/explore-center-city/ccd-restaurant-week/list-view#entrée-byob,http://www.entreebyob.com,https://centercityphila.org/uploads/attachments/cj62hjdal00rhp7qdvt7plrk2-entree-rw.0.0.1200.1200.full.jpg, Participating in dinner and takeout. Offering indoor and outdoor dining. BYOB. Closed Mondays. ,$45 DINNER,https://centercityphila.org/uploads/attachments/clr52xcx91s4gc3qdtp0iytck-entree.pdf,https://www.opentable.com/restaurant/profile/111997/reserve?ref=939
Estia Restaurant,"1405 Locust Street, Philadelphia, PA 19102",https://centercityphila.org/explore-center-city/ccd-restaurant-week/list-view#estia-restaurant,,https://centercityphila.org/uploads/attachments/civfpuwv100v7mpqdo7vswpa6-estia-2.263.0.674.674.full.jpg,Participating in dinner only. Offering indoor and outdoor dining. . Credit card required for parties of six or more. ,$60 DINNER,https://centercityphila.org/uploads/attachments/clqzkgueg1j6dhjqd2r2s8a9n-estia.pdf,https://www.opentable.com/restaurant/profile/5989/reserve?ref=939
Fat Salmon,"719 Walnut Street, Philadelphia, PA 19106",https://centercityphila.org/explore-center-city/ccd-restaurant-week/list-view#fat-salmon1,http://www.fatsalmonsushi.com,https://centercityphila.org/uploads/attachments/cjpwvc0ug1qydphqd4wh8pr5u-fatsalmonpic.1696.0.2988.2988.full.jpg,Participating in dinner only. Offering indoor dining. Closed on Mondays. ,$45 DINNER,https://centercityphila.org/uploads/attachments/clr9nsl4520f6qoqdwh824enj-fatsalmon.pdf,
Flambo Caribbean Restaurant,"205 S 13th St, Philadelphia, PA 19107",https://centercityphila.org/explore-center-city/ccd-restaurant-week/list-view#flambo-caribbean-restaurant,http://www.flamboh.com,https://centercityphila.org/uploads/attachments/clic5zzhv72e5ypqdft5pjswi-flambo-exterior.0.510.2859.2859.full.jpg,"Participating in lunch, dinner, and takout. Offering indoor dining. No parties larger than 8 people. Reservations are suggested. ",$45 dinner menu coming soon.,,
Fork,"306 Market Street, Philadelphia, PA 19107",https://centercityphila.org/explore-center-city/ccd-restaurant-week/list-view#fork,,https://centercityphila.org/uploads/attachments/ckdrwnnm12h0fkxqd04v0b3hd-fork-august-table.0.646.2724.2724.full.jpg,"Participating in dinner only. Offering indoor dining. Closed Monday. Not participating on Saturday, January 27 and Saturday, February 3. 20% service charge added to every check. ",$60 dinner menu coming soon.,,https://www.opentable.com/restaurant/profile/20035/reserve?ref=939
Forsythia,"233 Chestnut Street, Philadelphia, PA 19105",https://centercityphila.org/explore-center-city/ccd-restaurant-week/list-view#forsythia,https://www.forsythiaphilly.com,https://centercityphila.org/uploads/attachments/ck58d6i2b2djp0xqdlkjg2pny-forsythia-sept-2019-167.960.0.3840.3840.full.jpg,Participating in dinner only. Offering indoor dining. Please call restaurant for reservations of parties of 5 or larger. ,$45 dinner menu coming soon. ,,
Franklin Social Kitchen & Bar,"401 Chestnut St, Philadelphia, PA 19106",https://centercityphila.org/explore-center-city/ccd-restaurant-week/list-view#franklin-social-kitchen-bar,https://www.franklinsocialphilly.com,https://centercityphila.org/uploads/attachments/clbfctiru70f4uqqd88ofi4e1-franklinpic.277.0.944.944.full.jpg,"Participating in lunch, dinner and takeout. Offering indoor dining. Can accomodate parties up to 8 people. ",$45 DINNER | $20 LUNCH,https://centercityphila.org/uploads/attachments/clqbfd09m0mqdhjqdqfsxy4o3-franklin-social-dinner.pdf,https://www.opentable.com/restaurant/profile/1005361/reserve?ref=939
Fringe Bar,"140 N Christopher Columbus Blvd, Philadelphia, PA 19106",https://centercityphila.org/explore-center-city/ccd-restaurant-week/list-view#fringe-bar,https://fringebarphilly.com,https://centercityphila.org/uploads/attachments/clkx6hiz2a3tijnqd33nsxut3-fringe-interior.28.0.2000.2000.full.jpg,Participating in dinner only. Offering indoor and outdoor dining. Closed Monday and Tuesday. ,$45 dinner menu coming soon.,,https://www.opentable.com/restaurant/profile/1281529/reserve?ref=939
Fuji Mountain,"2030 Chestnut St, Philadelphia, PA 19103",https://centercityphila.org/explore-center-city/ccd-restaurant-week/list-view#fuji-mountain,http://www.fujimt.com,https://centercityphila.org/uploads/attachments/cj0y73bxs0dliz7qd3xrri63j-fujimtbar-room.499.77.1006.1006.full.jpg,Participating in dinner only. Offering indoor dining. Reservations required for parties of 4 or more. ,$45 DINNER,https://centercityphila.org/uploads/attachments/clr7wuiph1x53c3qdjv6u4sli-fuji.pdf,https://www.opentable.com/restaurant/profile/66013/reserve?ref=939
Garden Grille and Bar,"1100 Arch St, Philadelphia, PA 19107",https://centercityphila.org/explore-center-city/ccd-restaurant-week/list-view#garden-grille-and-bar,http://www.philadelphiaCenterCity.HGI.com,https://centercityphila.org/uploads/attachments/clcun3west340szqd43etxzgq-garden-grille.233.154.1070.1070.full.jpg,Participating in dinner only. Offering indoor dining. Can accomodate large parties. ,$45 DINNER,https://centercityphila.org/uploads/attachments/clqfbemgz0s0055qdbeu724cm-gardengrill.pdf,https://www.opentable.com/restaurant/profile/1259788/reserve?ref=939
Giuseppe and Sons,"1523 Sansom St, Philadelphia, PA 19102",https://centercityphila.org/explore-center-city/ccd-restaurant-week/list-view#giuseppe-and-sons,https://giuseppesons.com,https://centercityphila.org/uploads/attachments/cjqicsqg12qgxpbqdqzmao2gi-gsinteriors-83.1660.0.5071.5071.full.jpg,"Participating in dinner only. Offering indoor dining. Not participating on Saturday, January 27 and Saturday, February 3. ",$45 dinner menu coming soon.,,
The Goat Rittenhouse,"1907 Sansom St, Philadelphia, PA 19103",https://centercityphila.org/explore-center-city/ccd-restaurant-week/list-view#the-goat-rittenhouse,https://www.thegoatrittenhouse.com,https://centercityphila.org/uploads/attachments/cl448gtnv1383u2qdorywe1jq-thegoat.0.71.1170.1170.full.jpg,Participating in dinner only. Offering indoor and outdoor dining. ,$45 dinner menu coming soon.,,
Gran Caffe L'Aquila,"1716 Chestnut St, Philadelphia, PA 19103",https://centercityphila.org/explore-center-city/ccd-restaurant-week/list-view#gran-caffe-l-aquila,http://grancaffelaquila.com,https://centercityphila.org/uploads/attachments/ckea7wbce2uhykxqd95mjcpxy-d8b02824-5f8f-4d3c-8aa3-1947ecc645ff.289.0.729.729.full.jpg," Participating in lunch, dinner and takeout. Offering indoor and outdoor dining. Parties of 10+ will be required to be accompanied by a deductible deposit of $100. RESTAURANT WEEK MENUS: $45 DINNER | $20 LUNC",,https://centercityphila.org/uploads/attachments/clpr3jnwf1uavo6qd8n06uy4f-grancaffedinner.pdf,https://www.opentable.com/restaurant/profile/1177819/reserve?ref=939
Hard Rock Cafe,"1113 Market St, Philadelphia, PA 19107",https://centercityphila.org/explore-center-city/ccd-restaurant-week/list-view#hard-rock-cafe,https://www.hardrockcafe.com/location/philadelphia,https://centercityphila.org/uploads/attachments/cjx3k77o530vhvxqdgft1s60k-sipsgraphic.0.0.720.720.full.jpg,"Participating in lunch, dinner and takeout. Offering indoor dining. ",$45 DINNER | $20 LUNCH,https://centercityphila.org/uploads/attachments/clqzkwfc51jjmc3qdefw7n616-hardrockdinner-1.pdf,https://www.opentable.com/restaurant/profile/192508/reserve?ref=939
Harp & Crown,"1525 Sansom St, Philadelphia, PA 19102",https://centercityphila.org/explore-center-city/ccd-restaurant-week/list-view#harp-crown1,http://harpcrown.com,https://centercityphila.org/uploads/attachments/ciygaumsv0klnuwqdo25fk4z6-20161118harp-crown-brighter-17.301.0.1800.1800.full.jpg,"Participating in dinner only. Offering indoor dining. Not participating on Saturday, January 27 and Saturday, February 3. ",$45 dinner menu coming soon.,,
Harper's Garden,"31 S. 18th Street, Philadelphia, PA 19103",https://centercityphila.org/explore-center-city/ccd-restaurant-week/list-view#harpers-garden6,https://harpersgardenphilly.com,https://centercityphila.org/uploads/attachments/cjzin27881gsenpqdisp1qbb0-hg-veranda-night.179.0.721.721.full.jpg,"Participating in dinner only. Offering indoor and outdoor dining. Not participating on Saturday, January 27 and Saturday, February 3. ",$45 DINNER ,https://centercityphila.org/uploads/attachments/clqwvitl01eb2afqdfb0e1552-harper-s-garden.pdf,
The Hayes,"1123 Walnut Street, Philadelphia, PA 19107",https://centercityphila.org/explore-center-city/ccd-restaurant-week/list-view#the-hayes,http://www.thehayesphl.com,https://centercityphila.org/uploads/attachments/ciyahjvr50iafu5qdu5tzls7x-restaurant-week-sips-filler-image.0.0.720.720.full.jpg,Participating in lunch and dinner. Offering indoor dining. Closed Monday. ,$45 DINNER | $20 LUNCH,https://centercityphila.org/uploads/attachments/clr52t2ke1shfw0qdjjt2v3k5-the-hayes-dinner.pdf,
Iron Hill Brewery & Restaurant,"1150 Market Street, Philadelphia, PA 19107",https://centercityphila.org/explore-center-city/ccd-restaurant-week/list-view#iron-hill-brewery-restaurant,https://ironhillbrewery.com/location/philadelphia-pa,https://centercityphila.org/uploads/attachments/cjqsixkty3k2bpbqd2pvxv7h6-ironhillpic.0.0.585.585.full.jpg, Participating in lunch and dinner. Offering indoor and outdoor dining. ,$45 dinner menu coming soon.,,https://www.opentable.com/restaurant/profile/1017319/reserve?ref=939
Jasmine Rice Rittenhouse,"306 South 16th St, Philadelphia, PA 19102",https://centercityphila.org/explore-center-city/ccd-restaurant-week/list-view#jasmine-rice-rittenhouse,http://www.jasminericephilly.com,https://centercityphila.org/uploads/attachments/ck0dv2oit05f0aaqd103w6fr9-jasmine-rice.0.0.719.719.full.png," Participating in lunch, dinner and takeout. Offering indoor dining. BYOB. For a party of 6 or more, please call the restaurant directly. ",$45 DINNER AND $20 LUNCH,https://centercityphila.org/uploads/attachments/clr1371a91ldaafqdudnaound-jasminel-d.pdf,https://www.opentable.com/restaurant/profile/1158349/reserve?ref=939
Jomon Yakiniku & Shabu Shabu,"1310 Walnut Street, Philadelphia, PA 19107",https://centercityphila.org/explore-center-city/ccd-restaurant-week/list-view#jomon-japanese-bb,https://jomonbbq.com,https://centercityphila.org/uploads/attachments/clcv10985t24ks5qdcobvp3z6-signature-black-background.965.0.3861.3861.full.jpg,Participating in lunch and dinner. Offering indoor dining. Family style menu available. ,$45 DINNER AND $20 LUNCH,https://centercityphila.org/uploads/attachments/clpu4b2wo01l4w0qdvaqedpxk-jomon-japanese-bbq.pdf,
Kook Burger & Bar,"2102 Market St., Philadelphia, PA 19103",https://centercityphila.org/explore-center-city/ccd-restaurant-week/list-view#kook-burger-bar,https://www.kookburgerbar.com,https://centercityphila.org/uploads/attachments/clidm04v373vvypqdvlw21ad3-kookburger.0.262.1290.1290.full.jpg,Participating in lunch and dinner. Offering indoor and outdoor dining. Parties larger than 8 must call restaurant for reservations on weekends. ,$45 DINNER | $20 LUNCH,https://centercityphila.org/uploads/attachments/clr7xd5901x0bhjqdati9oem4-kook-burger-dinner.pdf,https://www.opentable.com/restaurant/profile/1276678/reserve?ref=939
Koto Sushi,"719 Sansom St, Philadelphia, PA 19106",https://centercityphila.org/explore-center-city/ccd-restaurant-week/list-view#koto-sushi,http://www.kotosushipa.com,https://centercityphila.org/uploads/attachments/cl769xlu32ardtvqd8f1xm3pa-koto-sushi.197.68.829.829.full.jpg,"Participating in lunch, dinner and takeout. Offering indoor seating ",$45 DINNER AND $20 LUNCH,https://centercityphila.org/uploads/attachments/clr9c531x1z1qxwqd3msha1mp-koto.pdf,https://www.opentable.com/restaurant/profile/995407/reserve?ref=939
La Famiglia Ristorante,"8 S Front St, Philadelphia, PA 19106",https://centercityphila.org/explore-center-city/ccd-restaurant-week/list-view#la-famiglia-ristorante,http://www.lafamiglia.com,https://centercityphila.org/uploads/attachments/cj62hmy7m00sfp7qdx1nn0yw0-la-famiglia-rw.0.0.1200.1200.full.jpg, Participating in dinner and takeout. Offering indoor dining. Closed Sunday and Monday. ,$45 DINNER | COCKTAILS,https://centercityphila.org/uploads/attachments/clr8c43hh1xy83oqdxba6e8ru-lafamiglia.pdf,https://www.opentable.com/restaurant/profile/862/reserve?ref=939
La Fontana Della Citta,"1701 Spruce St, Philadelphia, PA 19103",https://centercityphila.org/explore-center-city/ccd-restaurant-week/list-view#la-fontana-della-citta,http://www.lafontanadellacitta.com,https://centercityphila.org/uploads/attachments/cl792igao2g0twgqdde288icj-la-fontana.0.298.1254.1254.full.jpg,Participating in lunch and dinner. Offering indoor and outdoor dining. BYOB. RESTAURANT WEEK MENUS: $45 DINNER | $20 LUNCH ,,https://centercityphila.org/uploads/attachments/clqb17wlr0mmpc3qdnpkrogef-la-fontana-della-citta-dinner.pdf,https://www.opentable.com/restaurant/profile/20362/reserve?ref=939
La Nonna,"214 South St, Philadelphia, PA 19147",https://centercityphila.org/explore-center-city/ccd-restaurant-week/list-view#la-nonna,https://www.ristorantelanonna.com,https://centercityphila.org/uploads/attachments/cj62hqytr00tpppqde7gqpig2-la-nonna-rw.0.0.1200.1200.full.jpg,Participating in dinner only. Offering indoor dining BYOB. ,$45 DINNER,https://centercityphila.org/uploads/attachments/clr9o2xv51zxy3oqdyeanaw1k-la-nonna.pdf,
La Viola Bistro,"253 S 16th St, Philadelphia, PA 19102",https://centercityphila.org/explore-center-city/ccd-restaurant-week/list-view#la-viola-bistro,http://laviolaphiladelphia.com,https://centercityphila.org/uploads/attachments/cksudwvx81gpdlxqdgq7coqxc-laviola-bistro.215.0.853.853.full.jpg," Participating in lunch, dinner and takeout. Offering indoor and outdoor dining. BYOB. RESTAURANT WEEK MENUS: $45 DINNER | $20 LUNCH ",,https://centercityphila.org/uploads/attachments/clr7wwgrd1xhrw0qdtd9sqt69-lavioladinner-1.pdf,https://www.opentable.com/r/la-viola-bistro-philadelphia?ref=939#reserve
La Viola Ovest,"252 S 16th St, Philadelphia, PA 19102",https://centercityphila.org/explore-center-city/ccd-restaurant-week/list-view#la-viola-ovest,http://laviolaphiladelphia.com,https://centercityphila.org/uploads/attachments/cll3rd6tfa989wnqdd4rm0gnj-la-viola-west.0.157.1282.1282.full.jpg," Participating in lunch, dinner and takeout. Offering indoor and outdoor dining. BYOB. RESTAURANT WEEK MENUS: $45 DINNER | $20 LUNCH ",,https://centercityphila.org/uploads/attachments/clr7wwgrd1xhrw0qdtd9sqt69-lavioladinner-1.pdf,https://www.opentable.com/restaurant/profile/224713/reserve?ref=939
Las Bugambilias,"15 S 3rd St, Philadelphia, PA 19106",https://centercityphila.org/explore-center-city/ccd-restaurant-week/list-view#las-bugambilia,https://lasbugambiliasphilly.com,https://centercityphila.org/uploads/attachments/clph25dhy1i9to6qdozab4wd4-lasbugambilias.590.0.1544.1544.full.jpg,"Participating in lunch, dinner and takeout. Offering indoor and outdoor dining. ",$45 DINNER | $20 LUNCH,https://centercityphila.org/uploads/attachments/clpvbbkmj02teafqdvo03a1hu-las-bugambilias-dinner.pdf,
LaScala's Fire,"615 Chestnut St, Philadelphia, PA 19106",https://centercityphila.org/explore-center-city/ccd-restaurant-week/list-view#lascalas,http://www.lascalasphilly.com,https://centercityphila.org/uploads/attachments/cktbyajgy1yvcojqduvwwsrrl-lascala.748.0.3273.3273.full.jpg, Participating in dinner only. Offering indoor and outdoor dining. ,$45 DINNER,https://centercityphila.org/uploads/attachments/clr7wqn1g1wtkafqdm0rvggn0-lascala.pdf,https://www.opentable.com/restaurant/profile/7365/reserve?ref=939
Libertine,"261 S. 13th St, Philadelphia, PA 19107",https://centercityphila.org/explore-center-city/ccd-restaurant-week/list-view#libertine,http://www.libertinephilly.com,https://centercityphila.org/uploads/attachments/cjw9uytqc216vukqdkqrzayqy-phil0354.666.0.2667.2667.full.jpg,Participating in dinner only. Closed for dinner on Sunday and Monday. Offering indoor and outdoor dining. ,$45 DINNER,https://centercityphila.org/uploads/attachments/clqyahqj41h6xhjqd9e58bs36-libertine.pdf,https://www.opentable.com/restaurant/profile/991582/reserve?ref=939
Little Nonna's,"1234 Locust St, Philadelphia, PA 19107",https://centercityphila.org/explore-center-city/ccd-restaurant-week/list-view#little-nonna-s,http://www.littlenonnas.com,https://centercityphila.org/uploads/attachments/ciua7xjbo000ie2qdsi4w16ub-little-nonna-s-interior-2922-final-credit-jason-varney.0.53.618.618.full.jpg,Participating in dinner and takeout. Offering indoor and outdoor dining. ,$45 dinner menu coming soon.,,
Loch Bar,"301 S Broad Street, Philadelphia, PA 19107",https://centercityphila.org/explore-center-city/ccd-restaurant-week/list-view#loch-bar,,https://centercityphila.org/uploads/attachments/clr6gczv91ut6hjqdwu5pzpsx-img-6248.912.0.3648.3648.full.jpg,Participating in lunch and dinner. Offering indoor dining. ,$60 dinner menu coming soon.,,https://www.opentable.com/restaurant/profile/1280293/reserve?ref=939
Malbec Argentine Steakhouse,"400 South 2nd St, Philadelphia, PA 19147",https://centercityphila.org/explore-center-city/ccd-restaurant-week/list-view#malbec-argentine-steakhouse,http://www.malbecsteakhouse.com,https://centercityphila.org/uploads/attachments/civfr2kbg00wwlzqdcn8c3iga-img-4795.3.40.715.715.full.jpg,"Participating in lunch, dinner and takeout. Offering indoor and outdoor dining. Closed Mondays. Large parties require a credit card to hold reservation. ",$45 dinner menu coming soon.,,
Melograno BYOB,"2012 Sansom St, Philadelphia, PA 19103",https://centercityphila.org/explore-center-city/ccd-restaurant-week/list-view#melograno-byob,https://melogranophilly.com,https://centercityphila.org/uploads/attachments/ciybqfuvb0lykvlqdc9gfue9l-melograno-3088-jpg-table.99.0.1143.1143.full.jpg,"Participating in dinner only. Offering indoor dining. BYOB. Closed Monday. Not participating on Saturday, February 3. ",$45 dinner menu coming soon.,,https://www.opentable.com/restaurant/profile/170020/reserve?ref=939
Mercato  BYOB,"1216 Spruce St, Philadelphia, PA 19107",https://centercityphila.org/explore-center-city/ccd-restaurant-week/list-view#mercato-byob,http://www.mercatobyob.com,https://centercityphila.org/uploads/attachments/civihg8g90150mpqdx756mof8-mercato-dining-room.15.0.637.637.full.jpg,,,,
Miss Saigon,"1316 Walnut St, Philadelphia, PA 19107",https://centercityphila.org/explore-center-city/ccd-restaurant-week/list-view#miss-saigon,http://misssaigonphilly.com,https://centercityphila.org/uploads/attachments/clr8br81l1xmwafqd70byzdba-miss-saigon.1.0.590.590.full.png,Participating in dinner only. Offering indoor dining. Closed Mondays and Tuesdays. Family style menu offered. ,$45 dinner menu coming soon.,,https://www.opentable.com/restaurant/profile/1327078/reserve?ref=939
Mixto Restaurant,"1141 Pine St, Philadelphia, PA 19107",https://centercityphila.org/explore-center-city/ccd-restaurant-week/list-view#mixto-restaurant,http://www.mixtorestaurante.com,https://centercityphila.org/uploads/attachments/civihl8hl0162kgqdq30p5b71-mixto-rw-photo-by-d-cruz-for-visit-philadelphia-r.168.0.580.580.full.jpg,"Participating in lunch, dinner and takeout. Offering indoor dining.  Not participating on Saturday, January 27 and Saturday, February 3. ",$45 DINNER | $20 LUNCH,https://centercityphila.org/uploads/attachments/clpvbkb0q02tpxwqdkeaplz8o-mixto-dinner.pdf,https://www.opentable.com/restaurant/profile/94348/reserve?ref=939
Monster Vegan,"1229 Spruce St, Philadelphia, PA 19107",https://centercityphila.org/explore-center-city/ccd-restaurant-week/list-view#monster-vegan,http://www.themonstervegan.com,https://centercityphila.org/uploads/attachments/cl7xex5qb36v6uqqddkv4tr7g-monsterphoto.877.0.2400.2400.full.jpg,"Participating in dinner only. Offering indoor and outdoor dining. Closed Sundays. Large parties accepted, reservations are encouraged.. ",$45 dinner menu coming soon. ,,
Morea,"110 South 11th St., Philadelphia, PA 19107",https://centercityphila.org/explore-center-city/ccd-restaurant-week/list-view#morea,https://moreaphilly.com,https://centercityphila.org/uploads/attachments/cksizpf5215avojqdsm28d6sa-morea-photo.960.0.3840.3840.full.jpg,Participating in dinner.  Offering indoor and outdoor dining. RESTAURANT WEEK MENUS: $45 DINNE,,https://centercityphila.org/uploads/attachments/clr7x9uzx1x6i55qdhdjvhepf-morea.pdf,https://www.opentable.com/restaurant/profile/1178902/reserve?ref=939
The Morris,"225 S 8th St, Philadelphia, PA 19107",https://centercityphila.org/explore-center-city/ccd-restaurant-week/list-view#the-morris,http://themorrisphilly.com,https://centercityphila.org/uploads/attachments/cll0xllj9a5utypqd59wtd233-morris.0.500.3000.3000.full.jpg,Participating in dinner only. Offering indoor and outdoor dining. No parties larger than 6. ,$45 DINNER,https://centercityphila.org/uploads/attachments/clqobagtr13d055qdb9av106p-morris.pdf,https://www.opentable.com/restaurant/profile/1281526/reserve?ref=939
Moshulu,"401 S Columbus Blvd., Philadelphia, PA 19106",https://centercityphila.org/explore-center-city/ccd-restaurant-week/list-view#moshulu,http://www.moshulu.com,https://centercityphila.org/uploads/attachments/ckebnppuo333jhxqd61yan0wi-moshulu1.770.266.1492.1492.full.png," Participating in dinner only. Offering indoor dining. Not participating on Saturday, January 27 and Saturday, February 3. ",$45 DINNER,https://centercityphila.org/uploads/attachments/clr9c21o41z58hjqd8p0tlmj8-moshulu-2.pdf,https://www.opentable.com/restaurant/profile/2467/reserve?ref=939
Ocean Prime,"124 S 15th St, Philadelphia, PA 19107",https://centercityphila.org/explore-center-city/ccd-restaurant-week/list-view#oceanprime,,https://centercityphila.org/uploads/attachments/ciybqi3qj0ihbu5qdcdphbdhs-oceanprime-1013-7103sm.408.0.864.864.full.jpg,Participating in dinner only. Offering indoor dining. ,$60 DINNER,https://centercityphila.org/uploads/attachments/clqh7to4o0v3nxwqdzivdqwrt-oceanprime.pdf,https://www.opentable.com/restaurant/profile/109042/reserve?ref=939
The Olde Bar,"125 Walnut St, Philadelphia, PA 19106",https://centercityphila.org/explore-center-city/ccd-restaurant-week/list-view#the-olde-bar,http://www.theoldebar.com,https://centercityphila.org/uploads/attachments/ckok9o74w0xwth2qds1r6idgh-olde-bar.0.0.1080.1080.full.png, Participating for dinner only. Offering indoor dining. ,$45 DINNER,https://centercityphila.org/uploads/attachments/clr6hffo41vj3qoqdf4jorwaw-oldebar-1.pdf,https://www.opentable.com/restaurant/profile/193273/reserve?ref=939
Oloroso Tapas and Sherry Bar,"1121 Walnut St, Philadelphia, PA 19107",https://centercityphila.org/explore-center-city/ccd-restaurant-week/list-view#oloroso-tapas-and-sherry-ba,http://olorosophl.com,https://centercityphila.org/uploads/attachments/cjmglk9eb00d99yqdwrm7naew-oloroso-bar.321.0.750.750.full.jpg,"Participating in dinner only. Offering indoor dining. Closed Mondays. Not participating on Saturday, January 27 and Saturday, February 3. RESTAURAUNT WEEK MENU: $45 DINNE",,https://centercityphila.org/uploads/attachments/clr53sn2y1s2b55qdnfhvlf7p-oloroso.pdf,
Oltremare,"2121 Walnut Street, Philadelphia, PA 19103",https://centercityphila.org/explore-center-city/ccd-restaurant-week/list-view#oltremare,,https://centercityphila.org/uploads/attachments/ciyahjvr50iafu5qdu5tzls7x-restaurant-week-sips-filler-image.0.0.720.720.full.jpg,"Participating in dinner only. Offering indoor dining. Not participating on Saturday, January 27 and Saturday, February 3. ",$60 DINNER,https://centercityphila.org/uploads/attachments/clr53v4hf1skqw0qdt697n161-oltremare.pdf,
Osteria,"640 North Broad Street, Philadelphia, PA 19130",https://centercityphila.org/explore-center-city/ccd-restaurant-week/list-view#osteria,https://www.osteriaphilly.com,https://centercityphila.org/uploads/attachments/cjqjtpbj92spcphqdhpn2l8s6-osteriapatioforweb.337.0.1249.1249.full.png,Participating in dinner only. Offering indoor and outdoor dining. ,$45 DINNER,https://centercityphila.org/uploads/attachments/clq2pzvzr0bwg3oqd48nshml9-osteria.pdf,
Osteria Ama Philly,"1905 Chestnut Street, Philadelphia, PA 19103",https://centercityphila.org/explore-center-city/ccd-restaurant-week/list-view#osteria-ama-philly,https://www.osteriaama.com,https://centercityphila.org/uploads/attachments/clr878ozu1y9lqoqd448khxyq-96fdf010-19ca-462b-95d9-b2c6c2e44644.108.0.612.612.full.jpg,"Participating in lunch, dinner, and takeout. Offering indoor dining. BYOB. Parties larger than 20 people are subject to a price fix menu different from the Restaurant Week menu, and are required to pay a deposit. ",$45 DINNER | $20 LUNCH,https://centercityphila.org/uploads/attachments/clr8cas8k1xxw55qde1hj5g4e-osteriaamadinner-1.pdf,https://www.opentable.com/restaurant/profile/1317085/reserve?ref=939
Oyster House,"1516 Sansom St, Philadelphia, PA 19102",https://centercityphila.org/explore-center-city/ccd-restaurant-week/list-view#oyster-house,http://www.oysterhousephilly.com,https://centercityphila.org/uploads/attachments/cliaibro46z2ewnqdeejj8tjm-210728-oysterhouse-0081.335.0.1254.1254.full.jpg,"Participating in dinner only. Closed Sundays and Mondays. Offering indoor dining. Not participating on Saturday, January 27 and Saturday, February 3. ",$45 DINNER,https://centercityphila.org/uploads/attachments/clpx1obcd05msqoqdsq5pg0c9-oysterhouse.pdf,
Panorama,"14 N Front St, Philadelphia, PA 19106",https://centercityphila.org/explore-center-city/ccd-restaurant-week/list-view#panorama,http://www.panoramawinebar.com,https://centercityphila.org/uploads/attachments/civii226r015wlzqdyvm4exsd-panorama-ricotta-gnocchi-pesto-house-made-gnocchi-with-broccoli-rabe-pesto-and-scamorza-cheese.701.0.2304.2304.full.jpg, Participating in dinner only. Offering indoor dining. Closed Mondays. All reservations require a credit card. ,$45 DINNER,https://centercityphila.org/uploads/attachments/clqzl5hnk1j6u55qdtud9doze-panorama-2.pdf,https://www.opentable.com/restaurant/profile/3644/reserve?ref=939
Pearl & Mary,"114 S 13th St., Philadelphia, PA 19107",https://centercityphila.org/explore-center-city/ccd-restaurant-week/list-view#pearl-mary,https://www.pearlandmary.com,https://centercityphila.org/uploads/attachments/clhtl8zh56oho0vqdg15t4vv9-pearl-and-mary.600.0.2400.2400.full.jpg,"Participating in dinner only. Offering indoor and outdoor dining. Not participating on Saturday, January 27 and Saturday, February 3. ",$45 dinner menu coming soon.,,
Picanha Brazilian Steakhouse,"1111 Locust St, Philadelphia, PA 19107",https://centercityphila.org/explore-center-city/ccd-restaurant-week/list-view#picanha-brazilian-steakhouse,https://picanhasteakhouse.com/?utm_source=GMB&utm_medium=organic&utm_campaign=1SEO_SM_GMB,https://centercityphila.org/uploads/attachments/cktk6krcz2i6wq8qdmohyk5w7-picanha.959.0.3839.3839.full.jpg,"Participating in lunch, dinner, and takeout. Offering indoor dining. ",$45 DINNER,https://centercityphila.org/uploads/attachments/clr6h96qa1uyh3oqdgqh59r8a-picanha-2.pdf,https://www.opentable.com/restaurant/profile/1045828/reserve?ref=939
Pizzeria Vetri Rittenhouse,"1615 Chancellor St, Philadelphia, PA 19103",https://centercityphila.org/explore-center-city/ccd-restaurant-week/list-view#pizzeria-vetri-rittenhouse,http://pizzeriavetri.com,https://centercityphila.org/uploads/attachments/clcrwv6etssfswgqdbai4wv8p-pizzeria-vetri.200.0.800.800.full.png,"s Participating in lunch and dinner. Offering indoor and outdoor dining. First come, first served seating. ",$45 DINNER | $20 LUNCH | COCKTAILS,https://centercityphila.org/uploads/attachments/clq1270y909vr55qd5k1so1yn-pizzavetridinner.pdf,
Porcini,"2048 Sansom St, Philadelphia, PA 19103",https://centercityphila.org/explore-center-city/ccd-restaurant-week/list-view#porcini,https://porcinirestaurant.com/index.html,https://centercityphila.org/uploads/attachments/civii502f015xmpqdg8i6h739-img-0036.0.437.1536.1536.full.jpg,Participating in dinner only. Offering indoor dining BYOB. Closed on Sunday. ,$45 DINNER,https://centercityphila.org/uploads/attachments/clr6h6ooz1ux93oqdj6rjwonf-porcini.pdf,https://www.opentable.com/restaurant/profile/47305/reserve?ref=939
Positano Coast by Aldo Lamberti,"212 Walnut St, Philadelphia, PA 19106",https://centercityphila.org/explore-center-city/ccd-restaurant-week/list-view#positano-coast-by-aldo-lamberti,http://www.positanocoast.net,https://centercityphila.org/uploads/attachments/clbh1zbsq764zwgqd352rxuo1-positanocoast-002.200.0.800.800.full.jpg,Participating in dinner only. Offering indoor dining. Closed on Monday. ,$45 DINNER,https://centercityphila.org/uploads/attachments/clr6hbrx91umwafqdlwhcszbn-positano.pdf,https://www.opentable.com/restaurant/profile/16846/reserve?ref=939
Prunella,"112 S 13th St, Philadelphia, PA 19107",https://centercityphila.org/explore-center-city/ccd-restaurant-week/list-view#prunella,https://prunellaphl.com,https://centercityphila.org/uploads/attachments/cl3udxaaw0p6driqd94fo2kz4-prunella-use.203.0.962.962.full.jpg,"Participating in lunch and dinner. Offering indoor and outdoor dining. Not participating on Saturday, January 27 and Saturday, February 3. ",$45 dinner menu coming soon.,,
Pumpkin BYOB,"1713 South St, Philadelphia, PA 19146",https://centercityphila.org/explore-center-city/ccd-restaurant-week/list-view#pumpkin-byob,http://www.pumpkinphilly.com,https://centercityphila.org/uploads/attachments/civiifglb016glzqdu6zhky95-pumpkin-bacondish.0.0.700.700.full.jpg,"Participating in dinner only. Offering indoor, outdoor dining. BYOB. Closed Mondays. ",$45 DINNER,https://centercityphila.org/uploads/attachments/clph1qrhs1hftuoqd3igvleuo-pumpkin-byob.pdf,https://www.opentable.com/restaurant/profile/63118/reserve?ref=939
Red Owl Tavern,"433 Chestnut Street, Philadelphia, PA 19106",https://centercityphila.org/explore-center-city/ccd-restaurant-week/list-view#red-owl-tavern,http://redowltavern.com,https://centercityphila.org/uploads/attachments/ciybqm0n90jr4teqdscmfzcs6-red-owl-general-seating-3929.497.0.1324.1324.full.jpg,"Participating in dinner only. Offering indoor dining. Not participating on Saturday, January 27 and Saturday, February 3. Closed Sunday nights. Reservations are required for Restaurant Week. ",$45 dinner menu coming soon.,,https://www.opentable.com/restaurant/profile/95680/reserve?ref=939
Restaurant Aleksandar,"126 S 19th Street, Philadelphia, PA 19103",https://centercityphila.org/explore-center-city/ccd-restaurant-week/list-view#restaurant-aleksandar-2,,https://centercityphila.org/uploads/attachments/cll9nk80cajh1m8qddx6ii38s-restaurantaleksandar.487.0.1566.1566.full.png,Participating in lunch and dinner. Offering indoor dining. Closed Monday. Large parties of 12 or more are subject to a family style menu. ,$60 DINNER AND $20 LUNCH,https://centercityphila.org/uploads/attachments/clqb0tnbj0mdww0qdujkzl3wc-aleksansdar1.pdf,https://www.opentable.com/restaurant/profile/1164322/reserve?ref=939
Rex at The Royal,"1524 South St, Philadelphia, PA 19146",https://centercityphila.org/explore-center-city/ccd-restaurant-week/list-view#rex-at-the-royal,http://www.rexphl.com,https://centercityphila.org/uploads/attachments/cllnteep2b19lypqdf7p73wta-rexattheroyal-frontdoor.266.0.1067.1067.full.jpg,Participating in dinner only. Closed Mondays and Tuesdays. Offering indoor and outdoor dining. ,$45 DINNER,https://centercityphila.org/uploads/attachments/clpx1r3l005guhjqdoky6myf3-rexdinner.pdf,
Sampan,"124 S 13th St, Philadelphia, PA 19107",https://centercityphila.org/explore-center-city/ccd-restaurant-week/list-view#sampan7,http://www.sampanphilly.com,https://centercityphila.org/uploads/attachments/civiimo6s016fmpqdw3tay7l6-sampan-rw-photo-by-e-mencher-for-visit-philadelphia-r.39.0.603.603.full.jpg,"Participating in dinner only. Offering indoor and outdoor dining. Not participating on Saturday, January 27 and Saturday, February 3. ",$45 dinner menu coming soon.,,
Scarpetta Philadelphia,"210 W Rittenhouse Square, Philadelphia, PA 19103",https://centercityphila.org/explore-center-city/ccd-restaurant-week/list-view#scarpetta7,,https://centercityphila.org/uploads/attachments/ciybqoh5i0jr8teqddsd5a3gv-pasta-national-spaghetti-day.0.0.1237.1237.full.jpg, Participating in dinner only. Offering indoor dining. Closed Sundays and Mondays. ,$60 dinner menu coming soon.,,https://www.opentable.com/restaurant/profile/1033786/reserve?ref=939
Seafood Unlimited,"270 S 20th St, Philadelphia, PA 19103",https://centercityphila.org/explore-center-city/ccd-restaurant-week/list-view#seafood-unlimited,http://www.seafoodunlimited.com,https://centercityphila.org/uploads/attachments/cj62hdenl00pqppqd3uobop9i-seafood-unlimited-rw.0.0.1200.1200.full.jpg,Participating in dinner and takeout. Closed on Sunday and Monday. Offering indoor and outoor dining. Please call restaurant for reservations. ,$45 Dinner ,https://centercityphila.org/uploads/attachments/clktr4eio9xyim8qdtqeg1ovj-seafoodunlimited.pdf,
SOUTH Restaurant & Jazz Club,"600 N Broad St, Philadelphia, PA 19130",https://centercityphila.org/explore-center-city/ccd-restaurant-week/list-view#south-restaurant-jazz-club,http://www.southjazzkitchen.com,https://centercityphila.org/uploads/attachments/ckep0cyki3emantqdnynsonyi-southjazz.340.108.1071.1071.full.jpg,Participating in dinner only. Offering indoor dining. Closed MondayWednesday. Reservations required. No parties larger than 6. ,$45 DINNER,https://centercityphila.org/uploads/attachments/clr8c8o5u1xyo3oqdr7awzwr9-south.pdf,
Spasso Italian Grill,"34 S Front St, Philadelphia, PA 19106",https://centercityphila.org/explore-center-city/ccd-restaurant-week/list-view#spasso-italian-grill,http://www.spassoitaliangrill.com,https://centercityphila.org/uploads/attachments/cko37wr4c0ae5b7qdmo0jphoc-0b471df4-8744-47b9-8f17-27df1d1477b0.0.109.644.644.full.jpg,"Participating in dinner only. Offering indoor dining. Closed on Mondays. For groups of 6 or more, the whole party must be present to be seated. ",$45 DINNER,https://centercityphila.org/uploads/attachments/clqpn5xj4151yhjqd4iyxg8ad-spasso.pdf,https://www.opentable.com/restaurant/profile/37555/reserve?ref=939
Spice Finch,"220 S 17th Street, Philadelphia, PA 19103",https://centercityphila.org/explore-center-city/ccd-restaurant-week/list-view#spice-finch,http://spicefinchphilly.com,https://centercityphila.org/uploads/attachments/ck43b9h5f0yrv2pqdqlj82uaq-0x3a0181.1078.0.4315.4315.full.jpg, Participating in dinner and takeout. Offering indoor and outdoor dining. Whole table must participate in Restaurant Week menu. ,$45 DINNER,https://centercityphila.org/uploads/attachments/clqob8vmw13cp55qd8yg7mzte-spicefinch.pdf,
Square 1682,"121 S 17th St, Philadelphia, PA 19103",https://centercityphila.org/explore-center-city/ccd-restaurant-week/list-view#square-1682,http://www.square1682.com,https://centercityphila.org/uploads/attachments/clmcv5cdbc7hujnqdqn139hp8-square1682.0.690.4016.4016.full.jpg, Participating in lunch and dinner. Offering indoor dining. Closed Sundays and Mondays. ,$45 DINNER AND $20 LUNCH,https://centercityphila.org/uploads/attachments/clpx1tczy05j4c3qdvvto7azq-square1682.pdf,https://www.opentable.com/restaurant/profile/35443/reserve?ref=939
Thanal Indian Tavern,"1939 Arch Street, Philadelphia, PA 19103",https://centercityphila.org/explore-center-city/ccd-restaurant-week/list-view#thanal-indian-tavern,https://www.thanalphilly.com,https://centercityphila.org/uploads/attachments/cjvqpu1f81gj8rfqdp8i70n1t-capture.0.7.822.822.full.png,"Participating in lunch, dinner and takeout. Offering indoor and outdoor dining. ",$45 DINNER AND $20 LUNCH,https://centercityphila.org/uploads/attachments/clpvcm9fq02wahjqdumhmu6mz-thanal-lunch-and-dinner.pdf,https://www.opentable.com/restaurant/profile/1030468/reserve?ref=939
Thirteen Restaurant,"1201 Market Street, Philadelphia, PA 19107",https://centercityphila.org/explore-center-city/ccd-restaurant-week/list-view#thirteen-restaurant,http://philadelphiamarriottdowntown.ipoolside.com,https://centercityphila.org/uploads/attachments/cljxagw2g8wllypqdpgvc48a0-mc-phldt-13-outdoor-patio-11462.450.0.1800.1800.full.jpg,Participating in lunch and dinner. Offering indoor dining. Closed on Sundays and Mondays. Please contact restaurant for parties over 10 people. ,$45 DINNER,https://centercityphila.org/uploads/attachments/clr51lkzv1rqm55qdx1ghvvxi-thirteen.pdf,https://www.opentable.com/restaurant/profile/5450/reserve?ref=939
Twenty Manning,"261 S 20th Street, Philadelphia, PA 19103",https://centercityphila.org/explore-center-city/ccd-restaurant-week/list-view#twenty-manning,https://www.twentymanning.com,https://centercityphila.org/uploads/attachments/clcl2h9ytrrhhtvqdy5hnrdra-twentymanning.41.375.976.976.full.jpg,Participating in dinner only. Offering indoor dining. Closed on Sundays and Mondays. ,$45 DINNER,https://centercityphila.org/uploads/attachments/clr51vvte1s1uhjqdsvht9mgg-twentymanning.pdf,
The Twisted Tail,"509 S 2nd St, Philadelphia, PA 19147",https://centercityphila.org/explore-center-city/ccd-restaurant-week/list-view#the-twisted-tail,http://www.thetwistedtail.com,https://centercityphila.org/uploads/attachments/civjmu6uk0008dgqdxs2609nv-the-twisted-tail-fried-chicken.1061.0.2848.2848.full.jpg,Participating in dinner only. Offering indoor dining. ,$45 DINNER,https://centercityphila.org/uploads/attachments/clr8c6qhq1xtshjqdz7qia948-twistedtail.pdf,https://www.opentable.com/restaurant/profile/88672/reserve?ref=939
Veda - Modern Indian Bistro,"1920 Chestnut St., Philadelphia, PA 19103",https://centercityphila.org/explore-center-city/ccd-restaurant-week/list-view#veda-modern-indian-bistr,http://vedaphilly.com,https://centercityphila.org/uploads/attachments/ckxglxq5b4luisrqdwjk1e6le-veda.0.52.710.710.full.jpg," Participating in lunch, dinner and takeout. Offering indoor dining. A credit card is required for parties of 8 or more to make a reservation. 130 minutes (1 1/2 hour) seat times. All guests must arrive in order to be seated. ",$45 DINNER | $20 LUNCH,https://centercityphila.org/uploads/attachments/clqbfq6py0mroxwqdl6i1870i-veda-dinner.pdf,https://www.opentable.com/restaurant/profile/271087/reserve?ref=939
Via Locusta,"1723 Locust St,  Philadelphia, PA 19103",https://centercityphila.org/explore-center-city/ccd-restaurant-week/list-view#via-locust,https://www.vialocusta.com,https://centercityphila.org/uploads/attachments/cl4rbyobb02avtvqdlrra2ag3-via-locusta.0.1324.5304.5304.full.jpg,"Participating in dinner only. Offering indoor and outdoor dining. Not participating on Saturday, January 27 and Saturday, February 3. ",$45 dinner menu coming soon.,,
Village Whiskey,"118 S 20th St, Philadelphia, PA 19103",https://centercityphila.org/explore-center-city/ccd-restaurant-week/list-view#village-whiskey,http://www.villagewhiskey.com,https://centercityphila.org/uploads/attachments/cjpynepcg1u6zpbqdfmh45zsz-villagewhiskey.3.0.594.594.full.jpg,s Participating in dinner only. Offering indoor dining. RESTURAUNT WEEK MENU: $45 DINNER ,,https://centercityphila.org/uploads/attachments/clr5f318a1syp3oqdxlgchrsk-village1.pdf,https://www.opentable.com/restaurant/profile/1008274/reserve?ref=939
Vintage Wine Bar & Bistro,"129 S 13th St, Philadelphia, PA 19107",https://centercityphila.org/explore-center-city/ccd-restaurant-week/list-view#vintage-wine-bar-bistro,http://www.vintage-philadelphia.com,https://centercityphila.org/uploads/attachments/civjobv3c0025e7qdq0r544sv-vintage-wine-bar-fig-gorgonzola-bruschetta.0.330.852.852.full.jpg,Participating in dinner only. Offering indoor and outdoor dining. ,$45 dinner menu coming soon.,,
Volver,"300 S Broad St, Philadelphia, PA 19102",https://centercityphila.org/explore-center-city/ccd-restaurant-week/list-view#volver,http://www.volverrestaurant.com,https://centercityphila.org/uploads/attachments/civfo60ud00u5kgqdecdbnaz9-volver-sl-1910.129.3.1360.1360.full.jpg,"Participating in lunch, dinner and takeout. Offering indoor dining. Closed on Mondays and Tuesdays BYOB with corkage fee ",$45 DINNER,https://centercityphila.org/uploads/attachments/clr6hdkvi1vi0qoqdr4qt03ox-volver-1.pdf,https://www.opentable.com/restaurant/profile/269473/reserve?ref=939
